qs1,qs2,qs3,qs4,qs5,merge,partition
0.005522251129150391,0.00518798828125,0.004902839660644531,0.004288911819458008,0.005724191665649414,0.005185127258300781,0.006342172622680664
0.0035762786865234375,0.005012035369873047,0.004359006881713867,0.004156351089477539,0.004295825958251953,0.004609107971191406,0.0036499500274658203
0.0034317970275878906,0.00446009635925293,0.004153728485107422,0.004167795181274414,0.004313230514526367,0.004663944244384766,0.0036270618438720703
0.003520965576171875,0.004703998565673828,0.004661083221435547,0.004121303558349609,0.003940105438232422,0.0045528411865234375,0.0037679672241210938
0.003419160842895508,0.0044901371002197266,0.004439830780029297,0.004394054412841797,0.003951072692871094,0.004563808441162109,0.0035779476165771484
0.0037240982055664062,0.0043032169342041016,0.004873991012573242,0.00485992431640625,0.004026174545288086,0.004475116729736328,0.003442049026489258
0.0037941932678222656,0.004723072052001953,0.004139900207519531,0.0038461685180664062,0.0042340755462646484,0.005036830902099609,0.003634214401245117
0.0035331249237060547,0.004644155502319336,0.00467681884765625,0.004312038421630859,0.0039560794830322266,0.004801034927368164,0.0035161972045898438
0.003800630569458008,0.004520893096923828,0.0041882991790771484,0.004425048828125,0.004065752029418945,0.004633188247680664,0.0036759376525878906
0.0034978389739990234,0.00448918342590332,0.004940986633300781,0.0042018890380859375,0.004137992858886719,0.004514932632446289,0.003736734390258789
0.0036339759826660156,0.004056692123413086,0.004404783248901367,0.004142045974731445,0.004025936126708984,0.004446983337402344,0.0034880638122558594
0.0036678314208984375,0.004547119140625,0.004271984100341797,0.003915071487426758,0.004392862319946289,0.0045168399810791016,0.003759145736694336
0.003590822219848633,0.005421161651611328,0.004270792007446289,0.003835916519165039,0.004956245422363281,0.007030963897705078,0.004082918167114258
0.0037109851837158203,0.004628896713256836,0.0044977664947509766,0.004029035568237305,0.004155874252319336,0.004563331604003906,0.0035448074340820312
0.0035860538482666016,0.004841804504394531,0.004317045211791992,0.0040929317474365234,0.003962993621826172,0.004631996154785156,0.0036339759826660156
0.0037131309509277344,0.004296302795410156,0.004457235336303711,0.0040590763092041016,0.003950834274291992,0.0045931339263916016,0.003736734390258789
0.003178834915161133,0.004606962203979492,0.0044329166412353516,0.004431962966918945,0.004020214080810547,0.004595279693603516,0.0035347938537597656
0.003504037857055664,0.004261016845703125,0.004223823547363281,0.004041910171508789,0.004445075988769531,0.004383087158203125,0.003496885299682617
0.0034368038177490234,0.004411220550537109,0.004609823226928711,0.004316806793212891,0.004136800765991211,0.004698038101196289,0.0034508705139160156
0.0035147666931152344,0.004521846771240234,0.004279136657714844,0.00400090217590332,0.0038537979125976562,0.004513978958129883,0.0036268234252929688
0.003535032272338867,0.00444483757019043,0.004065036773681641,0.004053831100463867,0.004623889923095703,0.007495880126953125,0.004709959030151367
0.0036439895629882812,0.00449824333190918,0.0045511722564697266,0.004183769226074219,0.004008054733276367,0.004561185836791992,0.005349874496459961
0.004249095916748047,0.0050640106201171875,0.004540920257568359,0.0038290023803710938,0.004143714904785156,0.004423856735229492,0.0037572383880615234
0.0033919811248779297,0.004199981689453125,0.004231929779052734,0.00419306755065918,0.004018068313598633,0.004625797271728516,0.003712892532348633
0.0036919116973876953,0.004342079162597656,0.004502058029174805,0.004090785980224609,0.004166841506958008,0.004583120346069336,0.003443002700805664
0.003242015838623047,0.007493734359741211,0.005254983901977539,0.004364013671875,0.00416111946105957,0.004742860794067383,0.0036919116973876953
0.003557920455932617,0.0042569637298583984,0.004322052001953125,0.0040111541748046875,0.004227876663208008,0.004495143890380859,0.003495931625366211
0.0033130645751953125,0.00467991828918457,0.004516124725341797,0.0038280487060546875,0.003971099853515625,0.004560232162475586,0.0037031173706054688
0.005426883697509766,0.006772041320800781,0.0053958892822265625,0.004369974136352539,0.004070758819580078,0.004697084426879883,0.0035409927368164062
0.0035049915313720703,0.004579067230224609,0.007066011428833008,0.004853010177612305,0.004479885101318359,0.004745960235595703,0.0035028457641601562
0.003390073776245117,0.004485130310058594,0.004706859588623047,0.0042171478271484375,0.004172086715698242,0.004639863967895508,0.0036559104919433594
0.003526926040649414,0.004658937454223633,0.004333972930908203,0.004487037658691406,0.004168033599853516,0.004379987716674805,0.003668069839477539
0.003481149673461914,0.004418134689331055,0.004449129104614258,0.005526065826416016,0.005427837371826172,0.005079030990600586,0.0036978721618652344
0.003339052200317383,0.004637956619262695,0.0046977996826171875,0.004527091979980469,0.0038909912109375,0.0044209957122802734,0.0034470558166503906
0.0035169124603271484,0.004180908203125,0.004183769226074219,0.0037848949432373047,0.0040471553802490234,0.006695985794067383,0.00440669059753418
0.0037190914154052734,0.004364013671875,0.004537105560302734,0.003731966018676758,0.005593061447143555,0.00625920295715332,0.004097938537597656
0.003549337387084961,0.00450897216796875,0.004314899444580078,0.0047609806060791016,0.00413203239440918,0.004491090774536133,0.0034530162811279297
0.0034639835357666016,0.004662990570068359,0.004179954528808594,0.003827810287475586,0.003785848617553711,0.004705905914306641,0.003545045852661133
0.0037069320678710938,0.004530191421508789,0.004587888717651367,0.003972291946411133,0.004077911376953125,0.004370212554931641,0.0037169456481933594
0.003319978713989258,0.004664897918701172,0.0048601627349853516,0.004048824310302734,0.003862142562866211,0.0050580501556396484,0.005448341369628906
0.003654003143310547,0.003984928131103516,0.004069328308105469,0.004076957702636719,0.0038862228393554688,0.004488945007324219,0.0034639835357666016
0.0036852359771728516,0.004355192184448242,0.004641056060791016,0.004194021224975586,0.004510164260864258,0.004565000534057617,0.0035059452056884766
0.0033638477325439453,0.004380941390991211,0.004302978515625,0.0042629241943359375,0.00418400764465332,0.0046749114990234375,0.003454923629760742
0.003715038299560547,0.004839181900024414,0.004356861114501953,0.003846883773803711,0.0038640499114990234,0.0043070316314697266,0.0037271976470947266
0.003705739974975586,0.004545927047729492,0.004620075225830078,0.0038080215454101562,0.004236936569213867,0.004689216613769531,0.005383968353271484
0.004168033599853516,0.005057573318481445,0.004555940628051758,0.004396200180053711,0.0038547515869140625,0.004433155059814453,0.0037817955017089844
0.0034608840942382812,0.004442691802978516,0.004323005676269531,0.00549006462097168,0.005611896514892578,0.005100250244140625,0.0037000179290771484
0.003590106964111328,0.004457950592041016,0.004364013671875,0.004794120788574219,0.00395512580871582,0.004376888275146484,0.003461122512817383
0.003923892974853516,0.004392862319946289,0.0043218135833740234,0.0039119720458984375,0.003984212875366211,0.0045928955078125,0.0034770965576171875
0.003435850143432617,0.004796266555786133,0.00476384162902832,0.0042722225189208984,0.004533052444458008,0.007066011428833008,0.004099845886230469
0.003658294677734375,0.004443168640136719,0.004991054534912109,0.0038280487060546875,0.0043599605560302734,0.004613161087036133,0.0034742355346679688
0.0034742355346679688,0.004345893859863281,0.004763126373291016,0.003880023956298828,0.0040357112884521484,0.004518032073974609,0.003567218780517578
0.003258943557739258,0.004349946975708008,0.004464149475097656,0.0043489933013916016,0.003864288330078125,0.0043430328369140625,0.0035681724548339844
0.0037500858306884766,0.004228830337524414,0.004137992858886719,0.005994081497192383,0.005663871765136719,0.005069732666015625,0.0037832260131835938
0.0034112930297851562,0.0043141841888427734,0.0042209625244140625,0.004058122634887695,0.0041086673736572266,0.00495600700378418,0.00345611572265625
0.004042148590087891,0.0044939517974853516,0.004823207855224609,0.004163026809692383,0.004428863525390625,0.004538297653198242,0.0034589767456054688
0.003949880599975586,0.0070340633392333984,0.005225181579589844,0.004588127136230469,0.004216194152832031,0.004463911056518555,0.0034952163696289062
0.0037031173706054688,0.00463104248046875,0.0041348934173583984,0.0039730072021484375,0.0041048526763916016,0.00451207160949707,0.003916025161743164
0.0035970211029052734,0.006249904632568359,0.0058629512786865234,0.004129171371459961,0.0041599273681640625,0.004704713821411133,0.0034961700439453125
0.003420114517211914,0.004333019256591797,0.004581928253173828,0.0036962032318115234,0.003920793533325195,0.004597187042236328,0.003670930862426758
0.003396749496459961,0.0040318965911865234,0.0059511661529541016,0.005825042724609375,0.004494905471801758,0.004715919494628906,0.0036842823028564453
0.004906892776489258,0.006360054016113281,0.0052831172943115234,0.004419088363647461,0.0038480758666992188,0.004736900329589844,0.003663778305053711
0.003264188766479492,0.0046427249908447266,0.004895925521850586,0.004105091094970703,0.00408482551574707,0.005159854888916016,0.004928112030029297
0.004189968109130859,0.005242824554443359,0.005208015441894531,0.003943920135498047,0.003932952880859375,0.004433155059814453,0.003815889358520508
0.003596782684326172,0.004558086395263672,0.004818916320800781,0.005764007568359375,0.00468897819519043,0.004476785659790039,0.004678964614868164
0.004218101501464844,0.004601240158081055,0.004737138748168945,0.0038270950317382812,0.0045278072357177734,0.004606962203979492,0.0039920806884765625
0.0032660961151123047,0.0046122074127197266,0.004580974578857422,0.005547046661376953,0.0049059391021728516,0.006991863250732422,0.004601955413818359
0.003914833068847656,0.004489898681640625,0.0047910213470458984,0.0038499832153320312,0.00392913818359375,0.0045871734619140625,0.0036780834197998047
0.0034291744232177734,0.004169940948486328,0.004647731781005859,0.0054628849029541016,0.005296945571899414,0.0050470829010009766,0.0036420822143554688
0.003445148468017578,0.004289150238037109,0.004454851150512695,0.004325151443481445,0.0038950443267822266,0.00432586669921875,0.003638029098510742
0.004542112350463867,0.004856109619140625,0.004426002502441406,0.003964900970458984,0.006237983703613281,0.0050661563873291016,0.0037038326263427734
0.0037398338317871094,0.004904031753540039,0.0047149658203125,0.0049610137939453125,0.004140138626098633,0.004784822463989258,0.0036458969116210938
0.00436711311340332,0.004664182662963867,0.004658937454223633,0.004148006439208984,0.006131172180175781,0.005352020263671875,0.0037970542907714844
0.0038080215454101562,0.004568815231323242,0.004419088363647461,0.005099058151245117,0.00429081916809082,0.004391908645629883,0.0034859180450439453
0.003773927688598633,0.0041658878326416016,0.004305839538574219,0.003796815872192383,0.0041980743408203125,0.004543304443359375,0.0034618377685546875
0.0035810470581054688,0.004182100296020508,0.004361867904663086,0.0036830902099609375,0.0036878585815429688,0.00540471076965332,0.005711078643798828
0.004333972930908203,0.0047838687896728516,0.004368782043457031,0.004039287567138672,0.004136085510253906,0.006237030029296875,0.003996849060058594
0.0038771629333496094,0.0049707889556884766,0.005447864532470703,0.004068136215209961,0.004274845123291016,0.004868745803833008,0.0035660266876220703
0.004485130310058594,0.005984067916870117,0.004828214645385742,0.004263162612915039,0.004164695739746094,0.005960941314697266,0.003921031951904297
0.0037407875061035156,0.00472712516784668,0.0049059391021728516,0.0042760372161865234,0.006626129150390625,0.005937814712524414,0.004547834396362305
0.004982948303222656,0.005321025848388672,0.005463123321533203,0.004066944122314453,0.004378795623779297,0.0046079158782958984,0.003618955612182617
0.0036399364471435547,0.004648923873901367,0.004506111145019531,0.004029035568237305,0.004244804382324219,0.004711151123046875,0.003606081008911133
0.0037589073181152344,0.0057981014251708984,0.006136894226074219,0.004790067672729492,0.004422903060913086,0.004662990570068359,0.003648996353149414
0.003576040267944336,0.004667997360229492,0.004686832427978516,0.0042302608489990234,0.004287004470825195,0.0046961307525634766,0.004686117172241211
0.004652738571166992,0.005036115646362305,0.004853963851928711,0.004214048385620117,0.003965854644775391,0.007254838943481445,0.004384040832519531
0.0037817955017089844,0.004492998123168945,0.004634857177734375,0.004759073257446289,0.004960060119628906,0.006789207458496094,0.004098653793334961
0.0037517547607421875,0.004421234130859375,0.0045108795166015625,0.004549264907836914,0.0060880184173583984,0.006146907806396484,0.00404810905456543
0.003798961639404297,0.0044689178466796875,0.0046672821044921875,0.004159212112426758,0.006427764892578125,0.005518913269042969,0.0039010047912597656
0.0037431716918945312,0.0040590763092041016,0.004605770111083984,0.0036318302154541016,0.004283905029296875,0.004443168640136719,0.0036187171936035156
0.003702878952026367,0.00479888916015625,0.0043489933013916016,0.00416111946105957,0.00392603874206543,0.004834890365600586,0.0034618377685546875
0.0035088062286376953,0.004385948181152344,0.004240989685058594,0.004189252853393555,0.00405573844909668,0.005315065383911133,0.005735158920288086
0.0044519901275634766,0.004991054534912109,0.004241228103637695,0.004415273666381836,0.003922224044799805,0.0045130252838134766,0.0036919116973876953
0.0034170150756835938,0.004588127136230469,0.004206180572509766,0.004088163375854492,0.004002094268798828,0.004400968551635742,0.0037200450897216797
0.003589153289794922,0.004452943801879883,0.007173299789428711,0.005099058151245117,0.004720926284790039,0.004451751708984375,0.003849029541015625
0.003365755081176758,0.004601716995239258,0.004318952560424805,0.004321098327636719,0.0038881301879882812,0.004331111907958984,0.003482818603515625
0.003590822219848633,0.004377126693725586,0.004241943359375,0.0036211013793945312,0.00455784797668457,0.004630088806152344,0.0034780502319335938
0.003345966339111328,0.0068209171295166016,0.005485057830810547,0.004421710968017578,0.004058122634887695,0.004621028900146484,0.003473997116088867
0.0036058425903320312,0.004305839538574219,0.004270076751708984,0.003849029541015625,0.0037789344787597656,0.007424831390380859,0.004335165023803711
0.0037059783935546875,0.005040884017944336,0.004261016845703125,0.004183053970336914,0.003759145736694336,0.004687070846557617,0.0036139488220214844
0.0034661293029785156,0.0043179988861083984,0.0044748783111572266,0.00408482551574707,0.00413203239440918,0.0045909881591796875,0.003648042678833008
0.0032749176025390625,0.004467010498046875,0.004606008529663086,0.0042040348052978516,0.004097938537597656,0.004519939422607422,0.00426173210144043
0.005308866500854492,0.0051877498626708984,0.00466609001159668,0.004250764846801758,0.0039098262786865234,0.00461125373840332,0.004774808883666992
0.0047838687896728516,0.004689931869506836,0.004690885543823242,0.004347085952758789,0.0037109851837158203,0.0044019222259521484,0.008090019226074219
0.0038399696350097656,0.004784107208251953,0.004979133605957031,0.006067037582397461,0.005128145217895508,0.005320072174072266,0.004004955291748047
0.0037970542907714844,0.0051457881927490234,0.006803989410400391,0.0048906803131103516,0.0040912628173828125,0.004767179489135742,0.0035490989685058594
0.0034770965576171875,0.005097866058349609,0.005873203277587891,0.0048520565032958984,0.004363059997558594,0.004842042922973633,0.0036153793334960938
0.0032646656036376953,0.004422187805175781,0.004453897476196289,0.0038259029388427734,0.004035234451293945,0.004481077194213867,0.003729104995727539
0.0035829544067382812,0.004546165466308594,0.004515886306762695,0.005223989486694336,0.005509138107299805,0.005105018615722656,0.005936861038208008
0.004322052001953125,0.004484653472900391,0.004662990570068359,0.003984212875366211,0.0038971900939941406,0.004559993743896484,0.003704071044921875
0.00356292724609375,0.004669904708862305,0.0045049190521240234,0.003972053527832031,0.003919839859008789,0.0043752193450927734,0.003557920455932617
0.0037178993225097656,0.004359245300292969,0.004481792449951172,0.004081010818481445,0.004266262054443359,0.004324197769165039,0.0034689903259277344
0.003319978713989258,0.004317045211791992,0.004624843597412109,0.004158973693847656,0.005661964416503906,0.0059168338775634766,0.004038095474243164
0.003803253173828125,0.004492998123168945,0.004275798797607422,0.0038220882415771484,0.00427699089050293,0.004788875579833984,0.003473997116088867
0.0033731460571289062,0.004944801330566406,0.004297018051147461,0.004045009613037109,0.004225015640258789,0.004750728607177734,0.003535032272338867
0.003366708755493164,0.004160881042480469,0.004422903060913086,0.004214048385620117,0.0039539337158203125,0.004663228988647461,0.003988027572631836
0.003278970718383789,0.004321098327636719,0.004335165023803711,0.0046520233154296875,0.004010200500488281,0.004323005676269531,0.003590106964111328
0.0037670135498046875,0.004266977310180664,0.0042798519134521484,0.004055976867675781,0.004280805587768555,0.00457310676574707,0.0035262107849121094
0.0033500194549560547,0.0044879913330078125,0.004109621047973633,0.003841876983642578,0.004101753234863281,0.004530191421508789,0.003543853759765625
0.0034873485565185547,0.004174232482910156,0.004642963409423828,0.003988981246948242,0.003742218017578125,0.004672050476074219,0.003676176071166992
0.0033550262451171875,0.004089832305908203,0.004640817642211914,0.00403285026550293,0.0038809776306152344,0.00432586669921875,0.003509044647216797
0.003592967987060547,0.004515171051025391,0.004333972930908203,0.003983974456787109,0.004168033599853516,0.004434823989868164,0.003452777862548828
0.003198862075805664,0.005261898040771484,0.004138946533203125,0.004578113555908203,0.004214048385620117,0.004682064056396484,0.003657102584838867
0.003050088882446289,0.004492998123168945,0.004499197006225586,0.0037031173706054688,0.0037550926208496094,0.004561185836791992,0.0036821365356445312
0.0033011436462402344,0.007723093032836914,0.005686044692993164,0.004252195358276367,0.003934144973754883,0.004775047302246094,0.0036039352416992188
0.0035660266876220703,0.004396677017211914,0.004619121551513672,0.004338979721069336,0.003814220428466797,0.004523038864135742,0.003676176071166992
0.003637075424194336,0.00415802001953125,0.00436711311340332,0.004519224166870117,0.004144906997680664,0.00448298454284668,0.0036427974700927734
0.0038192272186279297,0.004224061965942383,0.004165172576904297,0.0040988922119140625,0.004378080368041992,0.004503965377807617,0.0034570693969726562
0.0034630298614501953,0.004656314849853516,0.004549741744995117,0.0039179325103759766,0.0038878917694091797,0.004688739776611328,0.006187915802001953
0.004332780838012695,0.00518798828125,0.0049021244049072266,0.004226207733154297,0.004211902618408203,0.004502058029174805,0.003467082977294922
0.003428936004638672,0.00681614875793457,0.005942106246948242,0.004248857498168945,0.003997802734375,0.004540205001831055,0.0034689903259277344
0.0036842823028564453,0.0046308040618896484,0.004530906677246094,0.004244089126586914,0.0038177967071533203,0.004698991775512695,0.003635883331298828
0.003496885299682617,0.005642890930175781,0.005095243453979492,0.0047702789306640625,0.003964900970458984,0.004662990570068359,0.003632068634033203
0.0032591819763183594,0.0044596195220947266,0.004232168197631836,0.0041370391845703125,0.004108905792236328,0.004508018493652344,0.0037157535552978516
0.003534078598022461,0.004464864730834961,0.004626035690307617,0.004056215286254883,0.004019975662231445,0.006370067596435547,0.005773782730102539
0.0042858123779296875,0.00444483757019043,0.004403114318847656,0.0042591094970703125,0.0038831233978271484,0.0046160221099853516,0.003787994384765625
0.0035860538482666016,0.007766008377075195,0.004997730255126953,0.004141092300415039,0.0038788318634033203,0.0050928592681884766,0.0047762393951416016
0.0036139488220214844,0.0043010711669921875,0.004612922668457031,0.005282163619995117,0.0038399696350097656,0.00439906120300293,0.0035288333892822266
0.0035779476165771484,0.004333019256591797,0.0045359134674072266,0.003843069076538086,0.0038688182830810547,0.004438877105712891,0.0034568309783935547
0.0033826828002929688,0.004662036895751953,0.004415988922119141,0.003961801528930664,0.0042150020599365234,0.004569053649902344,0.0034677982330322266
0.0035729408264160156,0.0047299861907958984,0.004712104797363281,0.0042150020599365234,0.004134178161621094,0.006695985794067383,0.0044918060302734375
0.0038199424743652344,0.004781007766723633,0.004560947418212891,0.00419306755065918,0.0040111541748046875,0.004621028900146484,0.0036590099334716797
0.0056917667388916016,0.006659030914306641,0.00484013557434082,0.003831148147583008,0.005649089813232422,0.004698038101196289,0.0037119388580322266
0.004592180252075195,0.0065081119537353516,0.004900217056274414,0.003949880599975586,0.004441022872924805,0.004628896713256836,0.0055599212646484375
0.004859209060668945,0.00532984733581543,0.00453495979309082,0.0044782161712646484,0.00402522087097168,0.004595041275024414,0.0035400390625
0.005766868591308594,0.005803108215332031,0.004662990570068359,0.004422187805175781,0.0045108795166015625,0.004524707794189453,0.0035190582275390625
0.003688812255859375,0.004647970199584961,0.004870891571044922,0.004127025604248047,0.005922079086303711,0.00563502311706543,0.003904104232788086
0.0035657882690429688,0.004964113235473633,0.0041658878326416016,0.004098176956176758,0.004503726959228516,0.004721164703369141,0.0034749507904052734
0.0049588680267333984,0.006539821624755859,0.0051691532135009766,0.004085063934326172,0.004210948944091797,0.004603862762451172,0.0036470890045166016
0.0035598278045654297,0.0049741268157958984,0.004077911376953125,0.003997802734375,0.004254817962646484,0.0046498775482177734,0.003662109375
0.0033991336822509766,0.004167079925537109,0.0044116973876953125,0.004136800765991211,0.004011869430541992,0.004599809646606445,0.0037031173706054688
0.003468751907348633,0.004136085510253906,0.004382133483886719,0.0039789676666259766,0.004164934158325195,0.004463911056518555,0.003654956817626953
0.003420114517211914,0.004170894622802734,0.0043201446533203125,0.003978252410888672,0.004040241241455078,0.0046007633209228516,0.0034990310668945312
0.0035848617553710938,0.00458216667175293,0.0044438838958740234,0.004003047943115234,0.0040967464447021484,0.004711151123046875,0.003560304641723633
0.003484964370727539,0.004563808441162109,0.004668712615966797,0.0040340423583984375,0.003960132598876953,0.0061457157135009766,0.005036115646362305
0.0040361881256103516,0.0046689510345458984,0.004633903503417969,0.004478931427001953,0.0046520233154296875,0.006469011306762695,0.004148006439208984
0.0037271976470947266,0.004720926284790039,0.004364967346191406,0.004135847091674805,0.003821134567260742,0.004389047622680664,0.0036101341247558594
0.0034461021423339844,0.0048029422760009766,0.004446983337402344,0.004239082336425781,0.004210948944091797,0.0046231746673583984,0.00368499755859375
0.003515005111694336,0.004927158355712891,0.004489898681640625,0.003889799118041992,0.003930091857910156,0.0044460296630859375,0.0035088062286376953
0.0037970542907714844,0.004338979721069336,0.00463104248046875,0.0044062137603759766,0.004058837890625,0.004395961761474609,0.0034759044647216797
0.003635883331298828,0.004395961761474609,0.00403594970703125,0.0040819644927978516,0.0039119720458984375,0.004540920257568359,0.003463268280029297
0.0034689903259277344,0.00586700439453125,0.006433248519897461,0.0050048828125,0.004086971282958984,0.0044498443603515625,0.0034868717193603516
0.0036001205444335938,0.0046041011810302734,0.004320859909057617,0.004120826721191406,0.003924846649169922,0.0046918392181396484,0.0036978721618652344
0.003473997116088867,0.0042459964752197266,0.004418849945068359,0.005705356597900391,0.0054492950439453125,0.0051538944244384766,0.0036249160766601562
0.003461122512817383,0.004422903060913086,0.004128932952880859,0.0042476654052734375,0.0038270950317382812,0.004586935043334961,0.003648042678833008
0.0032830238342285156,0.004180192947387695,0.004617929458618164,0.004644870758056641,0.004138946533203125,0.004436016082763672,0.0035610198974609375
0.0034351348876953125,0.004266023635864258,0.004004001617431641,0.004068851470947266,0.0041310787200927734,0.0045588016510009766,0.0035390853881835938
0.0036640167236328125,0.0048007965087890625,0.0042531490325927734,0.0037996768951416016,0.0038690567016601562,0.004621028900146484,0.00356292724609375
0.0035309791564941406,0.00451207160949707,0.0050580501556396484,0.004094839096069336,0.004264116287231445,0.004516124725341797,0.0036911964416503906
0.0035288333892822266,0.0041959285736083984,0.004354715347290039,0.0045931339263916016,0.003972768783569336,0.004421234130859375,0.003523111343383789
0.0037000179290771484,0.00450587272644043,0.004255056381225586,0.004378080368041992,0.004125833511352539,0.004418849945068359,0.0034852027893066406
0.0036118030548095703,0.004796028137207031,0.004173994064331055,0.004047870635986328,0.0040950775146484375,0.004583120346069336,0.0034568309783935547
0.003309011459350586,0.004624128341674805,0.004446983337402344,0.0035789012908935547,0.003940105438232422,0.004680156707763672,0.0035817623138427734
0.0033228397369384766,0.004374027252197266,0.004502058029174805,0.004155874252319336,0.004142045974731445,0.0047149658203125,0.0036585330963134766
0.0034210681915283203,0.0046350955963134766,0.004367828369140625,0.004153013229370117,0.004345893859863281,0.0044460296630859375,0.0036149024963378906
0.0035257339477539062,0.004869937896728516,0.004455089569091797,0.004565000534057617,0.006422758102416992,0.005264997482299805,0.003725767135620117
0.0036737918853759766,0.004529237747192383,0.004556894302368164,0.004087209701538086,0.0040149688720703125,0.004611968994140625,0.003532886505126953
0.003777027130126953,0.004216909408569336,0.004200935363769531,0.0037958621978759766,0.004357814788818359,0.00464630126953125,0.003454923629760742
0.003604888916015625,0.004754781723022461,0.0045108795166015625,0.0037679672241210938,0.00395512580871582,0.006012916564941406,0.004918098449707031
0.0036618709564208984,0.004088163375854492,0.004271984100341797,0.003785848617553711,0.0039920806884765625,0.004652976989746094,0.003718137741088867
0.003454923629760742,0.004557132720947266,0.004518032073974609,0.0039501190185546875,0.003902912139892578,0.004404783248901367,0.003908872604370117
0.005103111267089844,0.004742145538330078,0.004707813262939453,0.004513978958129883,0.003838062286376953,0.0046160221099853516,0.003787994384765625
0.004261016845703125,0.0069866180419921875,0.005342006683349609,0.004269838333129883,0.003905057907104492,0.0046329498291015625,0.0038263797760009766
0.0033111572265625,0.004489898681640625,0.004881143569946289,0.004270792007446289,0.00429987907409668,0.004647970199584961,0.005663871765136719
0.004110097885131836,0.004752159118652344,0.004425048828125,0.004836082458496094,0.004037141799926758,0.004364967346191406,0.0034818649291992188
0.0036330223083496094,0.004251956939697266,0.004224061965942383,0.004488945007324219,0.004434108734130859,0.004540205001831055,0.003531932830810547
0.0035169124603271484,0.00416111946105957,0.003998994827270508,0.004144906997680664,0.004103183746337891,0.004675865173339844,0.0034770965576171875
0.003599882125854492,0.004151105880737305,0.0043981075286865234,0.00436091423034668,0.0040950775146484375,0.004647970199584961,0.0036580562591552734
0.003606081008911133,0.004106998443603516,0.006176948547363281,0.005548000335693359,0.004839897155761719,0.0046520233154296875,0.003677845001220703
0.003428936004638672,0.004728078842163086,0.0044651031494140625,0.004283905029296875,0.003882884979248047,0.004581928253173828,0.0037093162536621094
0.003584146499633789,0.004338979721069336,0.004405975341796875,0.004277944564819336,0.0040209293365478516,0.004637956619262695,0.0036308765411376953
0.0036551952362060547,0.004462242126464844,0.004052877426147461,0.004258871078491211,0.004267692565917969,0.00451207160949707,0.003486156463623047
0.0037157535552978516,0.004437923431396484,0.003916025161743164,0.003802776336669922,0.004124879837036133,0.0045261383056640625,0.0035080909729003906
0.0034689903259277344,0.0047261714935302734,0.004377841949462891,0.004210948944091797,0.003977298736572266,0.004531145095825195,0.003713846206665039
0.003416776657104492,0.0043032169342041016,0.004585981369018555,0.003968000411987305,0.003709077835083008,0.004456996917724609,0.0036411285400390625
0.0038857460021972656,0.004591226577758789,0.004539966583251953,0.003790140151977539,0.004212856292724609,0.004475116729736328,0.003503084182739258
0.0035932064056396484,0.00452113151550293,0.004269838333129883,0.003854036331176758,0.00403594970703125,0.004617929458618164,0.003448009490966797
0.003323793411254883,0.004805326461791992,0.0046160221099853516,0.0038137435913085938,0.003841876983642578,0.0046269893646240234,0.0036318302154541016
0.0033550262451171875,0.004545927047729492,0.0045588016510009766,0.0038051605224609375,0.003865957260131836,0.004462003707885742,0.0036470890045166016
0.003851175308227539,0.00399327278137207,0.004058122634887695,0.004088163375854492,0.004249095916748047,0.0044329166412353516,0.003610849380493164
0.0039031505584716797,0.00427699089050293,0.0042269229888916016,0.004312276840209961,0.004361867904663086,0.004600048065185547,0.003453969955444336
0.0036001205444335938,0.004572153091430664,0.004318952560424805,0.004115104675292969,0.004002809524536133,0.004669189453125,0.0038352012634277344
0.005317211151123047,0.004716157913208008,0.004735231399536133,0.004103183746337891,0.003941774368286133,0.004744052886962891,0.0035560131072998047
0.003331899642944336,0.0044002532958984375,0.00450587272644043,0.003833293914794922,0.0041048526763916016,0.0044858455657958984,0.003677845001220703
0.0035550594329833984,0.0042858123779296875,0.00433802604675293,0.004882097244262695,0.00423121452331543,0.004477024078369141,0.0035200119018554688
0.003833770751953125,0.004525184631347656,0.00466609001159668,0.004323244094848633,0.004046201705932617,0.00446009635925293,0.003480672836303711
0.003754138946533203,0.0043179988861083984,0.004313230514526367,0.004423856735229492,0.003998994827270508,0.00441288948059082,0.003462076187133789
0.003701925277709961,0.004703998565673828,0.004380702972412109,0.0042400360107421875,0.00386810302734375,0.004642963409423828,0.003451824188232422
0.0032219886779785156,0.004224061965942383,0.00450897216796875,0.004019021987915039,0.004124164581298828,0.004547834396362305,0.0036830902099609375
0.0033049583435058594,0.004479885101318359,0.0041959285736083984,0.004487752914428711,0.00400090217590332,0.0044078826904296875,0.0036280155181884766
0.0058422088623046875,0.005209207534790039,0.004625797271728516,0.0042150020599365234,0.004183053970336914,0.004468202590942383,0.003545045852661133
0.003796815872192383,0.004626035690307617,0.004475831985473633,0.003686189651489258,0.0041353702545166016,0.0045239925384521484,0.0034942626953125
0.0033490657806396484,0.004540920257568359,0.0042362213134765625,0.0039899349212646484,0.00395512580871582,0.00472712516784668,0.0035440921783447266
0.003293275833129883,0.004745960235595703,0.004540920257568359,0.003955841064453125,0.003943920135498047,0.0043599605560302734,0.003676891326904297
0.003548145294189453,0.004454135894775391,0.0047719478607177734,0.00400996208190918,0.003793001174926758,0.0045468807220458984,0.00362396240234375
0.003551006317138672,0.004750967025756836,0.004533052444458008,0.004166841506958008,0.004186153411865234,0.00432586669921875,0.0035028457641601562
0.0037102699279785156,0.0044062137603759766,0.004079103469848633,0.004215240478515625,0.004091978073120117,0.004499912261962891,0.0034530162811279297
0.003680706024169922,0.004503011703491211,0.005104780197143555,0.004148960113525391,0.004240989685058594,0.004703044891357422,0.0035228729248046875
0.0035400390625,0.004105806350708008,0.004421710968017578,0.0043811798095703125,0.004106998443603516,0.0046770572662353516,0.0036897659301757812
0.003595113754272461,0.0043489933013916016,0.004205226898193359,0.0039708614349365234,0.0040318965911865234,0.004576921463012695,0.003673076629638672
0.003931999206542969,0.004241943359375,0.004511117935180664,0.004207134246826172,0.0041599273681640625,0.004403829574584961,0.0036406517028808594
0.0033719539642333984,0.004510164260864258,0.0047991275787353516,0.0042171478271484375,0.0041620731353759766,0.007184028625488281,0.0041370391845703125
0.003802061080932617,0.004786968231201172,0.004381895065307617,0.003779172897338867,0.00660395622253418,0.0056362152099609375,0.003952980041503906
0.003484964370727539,0.004419088363647461,0.0048258304595947266,0.0039942264556884766,0.004335880279541016,0.0043489933013916016,0.003550291061401367
0.0033159255981445312,0.004516124725341797,0.004114866256713867,0.003849029541015625,0.004147052764892578,0.00477910041809082,0.003465890884399414
0.00351715087890625,0.004342794418334961,0.0045931339263916016,0.004104137420654297,0.003905773162841797,0.004627227783203125,0.003665924072265625
0.0035371780395507812,0.004555940628051758,0.0045969486236572266,0.004291057586669922,0.0038132667541503906,0.006273031234741211,0.00436711311340332
0.0035381317138671875,0.004338979721069336,0.004383087158203125,0.0041086673736572266,0.004058122634887695,0.00459599494934082,0.003573894500732422
0.0035140514373779297,0.0044689178466796875,0.004581928253173828,0.0038962364196777344,0.0038449764251708984,0.004489898681640625,0.003965139389038086
0.003597259521484375,0.004544734954833984,0.004463911056518555,0.003971099853515625,0.0043981075286865234,0.004689931869506836,0.0034492015838623047
0.0032830238342285156,0.004185914993286133,0.004599094390869141,0.0037949085235595703,0.004071235656738281,0.004678249359130859,0.0036401748657226562
0.0032727718353271484,0.004118680953979492,0.004600048065185547,0.004251956939697266,0.0039081573486328125,0.004608869552612305,0.0036878585815429688
0.0032927989959716797,0.004909038543701172,0.004117012023925781,0.0038938522338867188,0.0041961669921875,0.004620075225830078,0.0036280155181884766
0.003675222396850586,0.004374980926513672,0.004408121109008789,0.004058837890625,0.004066944122314453,0.004616737365722656,0.0034639835357666016
0.003396749496459961,0.004673004150390625,0.004200935363769531,0.0037310123443603516,0.004075050354003906,0.0046253204345703125,0.003475189208984375
0.003326892852783203,0.004500865936279297,0.005125284194946289,0.0038132667541503906,0.004075050354003906,0.00504612922668457,0.006169795989990234
0.003926992416381836,0.004881858825683594,0.004383087158203125,0.003962039947509766,0.0038208961486816406,0.004448652267456055,0.003774404525756836
0.003448009490966797,0.004391908645629883,0.004964113235473633,0.006906986236572266,0.004572868347167969,0.0048182010650634766,0.0036606788635253906
0.0035429000854492188,0.004513740539550781,0.004527091979980469,0.004030942916870117,0.004078865051269531,0.0043261051177978516,0.0034952163696289062
0.003465414047241211,0.004419088363647461,0.004302978515625,0.0038819313049316406,0.004129886627197266,0.004461050033569336,0.003490924835205078
0.0034339427947998047,0.004491090774536133,0.0042400360107421875,0.003984212875366211,0.0042209625244140625,0.00463104248046875,0.0056760311126708984
0.004437923431396484,0.0051538944244384766,0.003956794738769531,0.003651857376098633,0.004220247268676758,0.004616975784301758,0.0034749507904052734
0.0033609867095947266,0.004873037338256836,0.006797075271606445,0.004617929458618164,0.00479888916015625,0.004683017730712891,0.00347900390625
0.003425121307373047,0.004379749298095703,0.004305124282836914,0.003821849822998047,0.004003047943115234,0.004585981369018555,0.003651857376098633
0.0035042762756347656,0.0044100284576416016,0.00459599494934082,0.004465818405151367,0.004015922546386719,0.0046770572662353516,0.0037419795989990234
0.0036008358001708984,0.004309892654418945,0.004043102264404297,0.004225969314575195,0.004050016403198242,0.004423856735229492,0.0035028457641601562
0.003509998321533203,0.004235982894897461,0.004209995269775391,0.003930330276489258,0.004517793655395508,0.007174968719482422,0.004075050354003906
0.0036721229553222656,0.004560947418212891,0.0042209625244140625,0.004148960113525391,0.00644993782043457,0.0059010982513427734,0.004036903381347656
0.003634929656982422,0.004437923431396484,0.0046160221099853516,0.003838062286376953,0.004241943359375,0.0047490596771240234,0.003694772720336914
0.003348112106323242,0.004199981689453125,0.004544973373413086,0.004071950912475586,0.003960132598876953,0.004611015319824219,0.003549337387084961
0.0036499500274658203,0.004533052444458008,0.004770755767822266,0.0036270618438720703,0.004213094711303711,0.004522085189819336,0.003679037094116211
0.003704071044921875,0.004771709442138672,0.0045511722564697266,0.004093170166015625,0.0038836002349853516,0.0045909881591796875,0.003607034683227539
0.0035409927368164062,0.004443168640136719,0.00442194938659668,0.0043010711669921875,0.003863811492919922,0.004479885101318359,0.0034792423248291016
0.003426074981689453,0.004843950271606445,0.003948211669921875,0.004435062408447266,0.004341840744018555,0.004542112350463867,0.003498077392578125
0.0033278465270996094,0.004396677017211914,0.004790067672729492,0.004144906997680664,0.00430607795715332,0.004689693450927734,0.003515958786010742
0.0036950111389160156,0.004191875457763672,0.004685878753662109,0.004179239273071289,0.004134178161621094,0.0046539306640625,0.003693103790283203
0.0030319690704345703,0.0071828365325927734,0.005583286285400391,0.004323720932006836,0.00392603874206543,0.004748106002807617,0.0037069320678710938
0.0033957958221435547,0.004555940628051758,0.004426002502441406,0.0039250850677490234,0.0040590763092041016,0.004703998565673828,0.0036339759826660156
0.0035309791564941406,0.004073143005371094,0.004467010498046875,0.0043828487396240234,0.004180908203125,0.004648923873901367,0.003612995147705078
0.003656148910522461,0.004674673080444336,0.004286050796508789,0.004443168640136719,0.004450798034667969,0.004417896270751953,0.0035789012908935547
0.0035080909729003906,0.004647970199584961,0.0042989253997802734,0.004028797149658203,0.0040471553802490234,0.004727602005004883,0.0034720897674560547
0.0033850669860839844,0.004393100738525391,0.004426002502441406,0.003921985626220703,0.00409388542175293,0.004422187805175781,0.0037288665771484375
0.003476858139038086,0.0045452117919921875,0.004673957824707031,0.0045278072357177734,0.0038061141967773438,0.0043561458587646484,0.0035278797149658203
0.0037431716918945312,0.004330158233642578,0.004541158676147461,0.004057884216308594,0.004049062728881836,0.004575967788696289,0.0035011768341064453
0.0033407211303710938,0.004918813705444336,0.004815101623535156,0.003957033157348633,0.00419306755065918,0.004538059234619141,0.003682851791381836
0.003662109375,0.004289150238037109,0.005057096481323242,0.0073871612548828125,0.0047588348388671875,0.004539012908935547,0.0035119056701660156
0.003607034683227539,0.004745960235595703,0.004324913024902344,0.004197835922241211,0.00394129753112793,0.0045549869537353516,0.0034787654876708984
0.0034329891204833984,0.004172086715698242,0.0045468807220458984,0.004004955291748047,0.004213094711303711,0.00446629524230957,0.003671884536743164
0.003504037857055664,0.004355192184448242,0.004340171813964844,0.004667043685913086,0.004792690277099609,0.004799842834472656,0.003756999969482422
0.003756999969482422,0.004853963851928711,0.004252910614013672,0.0041370391845703125,0.0038089752197265625,0.004606962203979492,0.0035216808319091797
0.0038449764251708984,0.004745960235595703,0.004347801208496094,0.0037240982055664062,0.0042722225189208984,0.0045130252838134766,0.003614187240600586
0.0035681724548339844,0.0044689178466796875,0.0048370361328125,0.003902912139892578,0.004143953323364258,0.0046498775482177734,0.0034608840942382812
0.0034487247467041016,0.004652976989746094,0.004469156265258789,0.00439906120300293,0.003799915313720703,0.004602193832397461,0.0036160945892333984
0.003587007522583008,0.004760026931762695,0.0047261714935302734,0.003793001174926758,0.004266023635864258,0.004410982131958008,0.003675222396850586
0.0035293102264404297,0.0044040679931640625,0.00409698486328125,0.004030942916870117,0.0039370059967041016,0.0044040679931640625,0.0034661293029785156
0.003536224365234375,0.004575967788696289,0.0041468143463134766,0.004055976867675781,0.0040972232818603516,0.004526853561401367,0.003632068634033203
0.003640890121459961,0.0045168399810791016,0.004407167434692383,0.004364013671875,0.003786325454711914,0.004678964614868164,0.0034580230712890625
0.0032820701599121094,0.0043468475341796875,0.004514217376708984,0.003996849060058594,0.0038449764251708984,0.004475831985473633,0.0036869049072265625
0.003420114517211914,0.004758119583129883,0.0045070648193359375,0.0064678192138671875,0.004981040954589844,0.004999876022338867,0.003675222396850586
0.003220796585083008,0.0046389102935791016,0.004195690155029297,0.003943204879760742,0.004052162170410156,0.004644870758056641,0.0035669803619384766
0.003309965133666992,0.004516124725341797,0.004461765289306641,0.003813028335571289,0.004127025604248047,0.0049397945404052734,0.003674030303955078
0.003451824188232422,0.0047948360443115234,0.004023075103759766,0.0038421154022216797,0.0039250850677490234,0.004578113555908203,0.0034542083740234375
0.0035669803619384766,0.0052700042724609375,0.006527900695800781,0.004453182220458984,0.004828929901123047,0.004587888717651367,0.003465890884399414
0.003507852554321289,0.004724979400634766,0.004923820495605469,0.004004955291748047,0.0037178993225097656,0.004571199417114258,0.003656148910522461
0.003728151321411133,0.00450587272644043,0.004775285720825195,0.0038328170776367188,0.004119157791137695,0.00432896614074707,0.0036602020263671875
0.0036590099334716797,0.004450082778930664,0.00424504280090332,0.004672050476074219,0.003909111022949219,0.004367828369140625,0.003454923629760742
0.0035839080810546875,0.004381895065307617,0.004338979721069336,0.0043561458587646484,0.00409698486328125,0.004462003707885742,0.003511190414428711
0.003529787063598633,0.004675865173339844,0.004402875900268555,0.006415128707885742,0.005016803741455078,0.004934787750244141,0.003507852554321289
0.0035889148712158203,0.004406929016113281,0.004273891448974609,0.004024028778076172,0.00409698486328125,0.004667043685913086,0.0034880638122558594
0.003253936767578125,0.004543781280517578,0.004763126373291016,0.003973960876464844,0.004041910171508789,0.004395961761474609,0.0036809444427490234
0.0033910274505615234,0.004287004470825195,0.004095792770385742,0.0042400360107421875,0.003815889358520508,0.004712820053100586,0.0036590099334716797
0.003579854965209961,0.004355907440185547,0.0042192935943603516,0.0038030147552490234,0.0040471553802490234,0.004347801208496094,0.0037577152252197266
0.0034401416778564453,0.004475116729736328,0.004769802093505859,0.004538059234619141,0.004086971282958984,0.004560947418212891,0.0035660266876220703
0.0033960342407226562,0.005070924758911133,0.0042722225189208984,0.004389047622680664,0.004156827926635742,0.004729032516479492,0.0034699440002441406
0.0032279491424560547,0.004493236541748047,0.004826784133911133,0.0047757625579833984,0.0038509368896484375,0.0045702457427978516,0.003679037094116211
0.003815889358520508,0.004370927810668945,0.004368305206298828,0.004719972610473633,0.0038688182830810547,0.004417896270751953,0.003535032272338867
0.0034737586975097656,0.00456690788269043,0.004621744155883789,0.004239082336425781,0.004124879837036133,0.0044248104095458984,0.003481149673461914
0.0034482479095458984,0.004411935806274414,0.004513978958129883,0.004106044769287109,0.0042400360107421875,0.004642009735107422,0.0034902095794677734
0.0030748844146728516,0.0046541690826416016,0.004617929458618164,0.004500865936279297,0.004075050354003906,0.007375001907348633,0.004334688186645508
0.0035970211029052734,0.004588127136230469,0.004486799240112305,0.004701852798461914,0.004031181335449219,0.004797935485839844,0.003475189208984375
0.0031270980834960938,0.0044019222259521484,0.004337787628173828,0.00384521484375,0.004071950912475586,0.00458979606628418,0.003704071044921875
0.0033729076385498047,0.00442814826965332,0.004426002502441406,0.004299163818359375,0.0039310455322265625,0.004454851150512695,0.004981040954589844
0.0051288604736328125,0.005324125289916992,0.004528045654296875,0.004040956497192383,0.004244089126586914,0.004914999008178711,0.003862142562866211
0.0036292076110839844,0.004703044891357422,0.00415492057800293,0.00416111946105957,0.0041239261627197266,0.004473209381103516,0.0035321712493896484
0.0034570693969726562,0.0044841766357421875,0.0045359134674072266,0.0039060115814208984,0.004127025604248047,0.004555940628051758,0.003584146499633789
0.003393888473510742,0.004359245300292969,0.004144906997680664,0.004064083099365234,0.004004955291748047,0.004747152328491211,0.003548860549926758
0.0034639835357666016,0.004389047622680664,0.0045850276947021484,0.0040018558502197266,0.004102230072021484,0.00447392463684082,0.0036880970001220703
0.0034809112548828125,0.0048902034759521484,0.004199028015136719,0.004085063934326172,0.004007816314697266,0.0043909549713134766,0.003551959991455078
0.0036318302154541016,0.0043179988861083984,0.0046520233154296875,0.0036537647247314453,0.00411677360534668,0.004478931427001953,0.0034630298614501953
0.0035560131072998047,0.0043108463287353516,0.004669189453125,0.004113912582397461,0.005412101745605469,0.0061490535736083984,0.00409388542175293
0.003481149673461914,0.0045621395111083984,0.004047870635986328,0.004116058349609375,0.004057168960571289,0.004717111587524414,0.00347900390625
0.0031728744506835938,0.0050811767578125,0.006623029708862305,0.004503965377807617,0.004211902618408203,0.0046842098236083984,0.0034859180450439453
0.0030961036682128906,0.004660129547119141,0.007482290267944336,0.0046498775482177734,0.004042863845825195,0.004566669464111328,0.0036308765411376953
0.0034568309783935547,0.004731178283691406,0.006734132766723633,0.004755258560180664,0.00429844856262207,0.004614114761352539,0.003512859344482422
0.003283977508544922,0.004791736602783203,0.0046939849853515625,0.004054069519042969,0.003957033157348633,0.0047359466552734375,0.003668069839477539
0.0033359527587890625,0.004477977752685547,0.004475116729736328,0.0042531490325927734,0.004007816314697266,0.004523038864135742,0.0036690235137939453
0.0037403106689453125,0.004935264587402344,0.0044438838958740234,0.0045659542083740234,0.003960847854614258,0.0045108795166015625,0.0034580230712890625
0.0036821365356445312,0.004794120788574219,0.004426240921020508,0.004015207290649414,0.0040891170501708984,0.004365205764770508,0.003612995147705078
0.003344297409057617,0.00473332405090332,0.004568815231323242,0.003898143768310547,0.003946065902709961,0.004575967788696289,0.0035181045532226562
0.0037529468536376953,0.004729032516479492,0.00433802604675293,0.0039479732513427734,0.004022836685180664,0.00466609001159668,0.003674745559692383
0.0037260055541992188,0.005722761154174805,0.005964994430541992,0.004499197006225586,0.004100799560546875,0.004697084426879883,0.003659963607788086
0.0033631324768066406,0.0046231746673583984,0.004439115524291992,0.004157304763793945,0.0041081905364990234,0.004474163055419922,0.00523686408996582
0.004558086395263672,0.005124092102050781,0.004616975784301758,0.003909111022949219,0.004218101501464844,0.004570722579956055,0.0050201416015625
0.004545927047729492,0.0048828125,0.00468897819519043,0.0037047863006591797,0.004117012023925781,0.004327297210693359,0.005135059356689453
0.004806995391845703,0.005115032196044922,0.004781007766723633,0.004459857940673828,0.00409698486328125,0.0044651031494140625,0.003757953643798828
0.0035326480865478516,0.004528999328613281,0.004395008087158203,0.004317283630371094,0.003879070281982422,0.006900787353515625,0.004492759704589844
0.0037021636962890625,0.0047762393951416016,0.004451751708984375,0.003749847412109375,0.00386810302734375,0.00449681282043457,0.003453969955444336
0.0036668777465820312,0.004619598388671875,0.0043010711669921875,0.004333972930908203,0.004124879837036133,0.004502058029174805,0.0034630298614501953
0.003693103790283203,0.004749774932861328,0.004229068756103516,0.003816366195678711,0.004197835922241211,0.0044977664947509766,0.0034821033477783203
0.003416776657104492,0.006490945816040039,0.006134033203125,0.004370927810668945,0.00396418571472168,0.004610776901245117,0.003522157669067383
0.003339052200317383,0.0058460235595703125,0.006676912307739258,0.004642009735107422,0.004209995269775391,0.00448298454284668,0.0034990310668945312
0.0033669471740722656,0.005360126495361328,0.005989789962768555,0.005059003829956055,0.004320859909057617,0.004633188247680664,0.003529071807861328
0.0034668445587158203,0.006273984909057617,0.006063938140869141,0.004282712936401367,0.004284858703613281,0.004563808441162109,0.0034940242767333984
0.0032739639282226562,0.004780769348144531,0.004325151443481445,0.0038940906524658203,0.0038449764251708984,0.0046541690826416016,0.003573894500732422
0.003777742385864258,0.004352092742919922,0.004590034484863281,0.004034996032714844,0.004154205322265625,0.004405975341796875,0.005398750305175781
0.0043811798095703125,0.00520777702331543,0.00481724739074707,0.0038809776306152344,0.004043102264404297,0.004412174224853516,0.003773927688598633
0.0032389163970947266,0.004026889801025391,0.004137992858886719,0.00415492057800293,0.00414729118347168,0.004515886306762695,0.003487110137939453
0.005539894104003906,0.005621194839477539,0.004867076873779297,0.0042192935943603516,0.004129171371459961,0.004560947418212891,0.003512144088745117
0.0035409927368164062,0.004361152648925781,0.004397869110107422,0.003985166549682617,0.005990743637084961,0.0057909488677978516,0.0039517879486083984
0.0035567283630371094,0.004575014114379883,0.004461050033569336,0.004003286361694336,0.006633281707763672,0.005614042282104492,0.0038938522338867188
0.003988981246948242,0.004304170608520508,0.0041921138763427734,0.0038208961486816406,0.0065441131591796875,0.005652904510498047,0.0038650035858154297
0.003720998764038086,0.004547119140625,0.004630565643310547,0.004121065139770508,0.004310131072998047,0.004659891128540039,0.0037078857421875
0.0034067630767822266,0.004748106002807617,0.0044438838958740234,0.004519939422607422,0.005166053771972656,0.006405830383300781,0.004094123840332031
0.0033309459686279297,0.004474163055419922,0.0040171146392822266,0.0037279129028320312,0.0039520263671875,0.00462794303894043,0.0036439895629882812
0.003566741943359375,0.004311084747314453,0.004571199417114258,0.0038840770721435547,0.0037469863891601562,0.005468845367431641,0.0054531097412109375
0.0038650035858154297,0.004485130310058594,0.004293918609619141,0.004091978073120117,0.0038552284240722656,0.004644155502319336,0.003728151321411133
0.003392934799194336,0.004287004470825195,0.004255056381225586,0.004495859146118164,0.004119157791137695,0.004498004913330078,0.003538846969604492
0.003916025161743164,0.004673004150390625,0.004358768463134766,0.0042989253997802734,0.003965854644775391,0.0044481754302978516,0.0034821033477783203
0.005257368087768555,0.0062520503997802734,0.004717111587524414,0.003991127014160156,0.004319906234741211,0.004374980926513672,0.003484964370727539
0.0040111541748046875,0.004415035247802734,0.004626035690307617,0.004754304885864258,0.0042209625244140625,0.0044438838958740234,0.003493070602416992
0.0033080577850341797,0.006976127624511719,0.005393028259277344,0.004426002502441406,0.004094839096069336,0.0045621395111083984,0.0034911632537841797
0.0033278465270996094,0.007394075393676758,0.005333662033081055,0.004008769989013672,0.004328012466430664,0.0044689178466796875,0.0034863948822021484
0.003654003143310547,0.004736900329589844,0.004491567611694336,0.004183053970336914,0.00397491455078125,0.004608154296875,0.0034890174865722656
0.0035088062286376953,0.005519866943359375,0.006567239761352539,0.004870176315307617,0.004107952117919922,0.004639863967895508,0.0034863948822021484
0.00341033935546875,0.004315853118896484,0.004568815231323242,0.0039479732513427734,0.004125118255615234,0.006394147872924805,0.005238771438598633
0.004138946533203125,0.00464177131652832,0.004394054412841797,0.0039861202239990234,0.004142045974731445,0.0044710636138916016,0.00362396240234375
0.0034241676330566406,0.004250049591064453,0.0045697689056396484,0.0040531158447265625,0.004106998443603516,0.004551887512207031,0.0036721229553222656
0.003464937210083008,0.00458979606628418,0.004564046859741211,0.004299163818359375,0.0040051937103271484,0.004534006118774414,0.0034902095794677734
0.006027936935424805,0.005596160888671875,0.0047991275787353516,0.004011869430541992,0.0042989253997802734,0.004508018493652344,0.003482818603515625
0.003406047821044922,0.0047223567962646484,0.004322052001953125,0.0037779808044433594,0.003938913345336914,0.004767894744873047,0.004332065582275391
0.0033991336822509766,0.004703998565673828,0.003992795944213867,0.003772735595703125,0.003997087478637695,0.004661083221435547,0.0035462379455566406
0.005213022232055664,0.005600929260253906,0.004728078842163086,0.0038208961486816406,0.004338979721069336,0.004651784896850586,0.0035550594329833984
0.0033550262451171875,0.00464177131652832,0.005740165710449219,0.004667997360229492,0.004313230514526367,0.0047109127044677734,0.0036411285400390625
0.0034258365631103516,0.004419088363647461,0.00450897216796875,0.004211902618408203,0.0039920806884765625,0.004394054412841797,0.003683805465698242
0.003607034683227539,0.0044536590576171875,0.004503011703491211,0.004536867141723633,0.0038232803344726562,0.0043408870697021484,0.0036978721618652344
0.0035126209259033203,0.004995107650756836,0.004515886306762695,0.004372119903564453,0.003991127014160156,0.006946086883544922,0.0056569576263427734
0.004013776779174805,0.004592180252075195,0.00465703010559082,0.004461765289306641,0.003962278366088867,0.004384040832519531,0.003543853759765625
0.003452777862548828,0.004415035247802734,0.0045549869537353516,0.00402522087097168,0.004288911819458008,0.004776954650878906,0.0037009716033935547
0.0033910274505615234,0.004415988922119141,0.004128694534301758,0.0041353702545166016,0.004139900207519531,0.004596233367919922,0.0035049915313720703
0.0036020278930664062,0.00440216064453125,0.004487037658691406,0.004282951354980469,0.004145145416259766,0.004599094390869141,0.003523111343383789
0.0036101341247558594,0.00451207160949707,0.004575967788696289,0.004535198211669922,0.004235982894897461,0.00457000732421875,0.003854036331176758
0.0034880638122558594,0.004049777984619141,0.003976106643676758,0.004055976867675781,0.00404667854309082,0.004739046096801758,0.003607034683227539
0.003659963607788086,0.004239082336425781,0.00419306755065918,0.006710052490234375,0.004977226257324219,0.004937887191772461,0.003477811813354492
0.0035016536712646484,0.004622936248779297,0.004120826721191406,0.004065036773681641,0.004167079925537109,0.004690885543823242,0.0035288333892822266
0.0033447742462158203,0.004461050033569336,0.0044879913330078125,0.004461050033569336,0.0039479732513427734,0.0046291351318359375,0.0036292076110839844
0.003342866897583008,0.004304170608520508,0.004205942153930664,0.003957986831665039,0.0037758350372314453,0.0045506954193115234,0.0036699771881103516
0.0033822059631347656,0.004568815231323242,0.004250288009643555,0.004257678985595703,0.0038030147552490234,0.004418134689331055,0.0036139488220214844
0.003531932830810547,0.004767894744873047,0.004537820816040039,0.004589080810546875,0.004064083099365234,0.004403114318847656,0.003448963165283203
0.0035142898559570312,0.0045278072357177734,0.0045528411865234375,0.003953695297241211,0.00425410270690918,0.0045680999755859375,0.00347900390625
0.003553152084350586,0.004434108734130859,0.005553722381591797,0.0060520172119140625,0.0047261714935302734,0.004660844802856445,0.0034859180450439453
0.0034780502319335938,0.007292985916137695,0.0054666996002197266,0.00418400764465332,0.004581928253173828,0.004582881927490234,0.003461122512817383
0.0037882328033447266,0.007486104965209961,0.005290031433105469,0.004596233367919922,0.004180192947387695,0.004441022872924805,0.0034668445587158203
0.0036280155181884766,0.004597902297973633,0.004790067672729492,0.0036771297454833984,0.00403904914855957,0.004523038864135742,0.0035016536712646484
0.003300905227661133,0.004397153854370117,0.004561901092529297,0.0044078826904296875,0.003942012786865234,0.004470109939575195,0.0036630630493164062
0.0034418106079101562,0.004498004913330078,0.00423884391784668,0.0039520263671875,0.0039539337158203125,0.00436091423034668,0.0037691593170166016
0.0035300254821777344,0.004486083984375,0.00467991828918457,0.004068136215209961,0.00405573844909668,0.004615306854248047,0.0034530162811279297
0.0034990310668945312,0.004536151885986328,0.004042148590087891,0.0039899349212646484,0.0040738582611083984,0.004567146301269531,0.0035779476165771484
0.0031151771545410156,0.0041961669921875,0.004517793655395508,0.004125833511352539,0.004099130630493164,0.004678964614868164,0.0039179325103759766
0.0036690235137939453,0.00441288948059082,0.004598855972290039,0.00394892692565918,0.003950834274291992,0.0044629573822021484,0.003718852996826172
0.0036399364471435547,0.0041921138763427734,0.004650115966796875,0.00716090202331543,0.004744052886962891,0.00481414794921875,0.003693103790283203
0.003498077392578125,0.0046579837799072266,0.004693031311035156,0.003952741622924805,0.0040051937103271484,0.004386186599731445,0.003596067428588867
0.003484964370727539,0.0044879913330078125,0.004316806793212891,0.004415035247802734,0.003973722457885742,0.004477024078369141,0.0034558773040771484
0.003426074981689453,0.004376888275146484,0.004538297653198242,0.004550933837890625,0.004221916198730469,0.00463104248046875,0.0034940242767333984
0.003639698028564453,0.004478931427001953,0.004271268844604492,0.0038919448852539062,0.004324913024902344,0.004671812057495117,0.0036258697509765625
0.0031909942626953125,0.004380941390991211,0.0044269561767578125,0.004579067230224609,0.004331111907958984,0.004647970199584961,0.003668069839477539
0.0030829906463623047,0.004312992095947266,0.0043430328369140625,0.004352092742919922,0.005087137222290039,0.0046269893646240234,0.0036318302154541016
0.0038182735443115234,0.004456043243408203,0.0041348934173583984,0.007372140884399414,0.005037784576416016,0.004840850830078125,0.0036780834197998047
0.004282712936401367,0.007318973541259766,0.0047948360443115234,0.004494190216064453,0.004274845123291016,0.00436091423034668,0.0037069320678710938
0.0035419464111328125,0.004255056381225586,0.004261970520019531,0.004450082778930664,0.005389213562011719,0.006513118743896484,0.0042569637298583984
0.003622770309448242,0.004208087921142578,0.004332780838012695,0.004052877426147461,0.0038220882415771484,0.00441288948059082,0.003454923629760742
0.003940105438232422,0.004584074020385742,0.004395723342895508,0.005388021469116211,0.0064258575439453125,0.005377054214477539,0.003988027572631836
0.0036668777465820312,0.004106998443603516,0.0042459964752197266,0.0044689178466796875,0.003912925720214844,0.00451207160949707,0.0035300254821777344
0.0033669471740722656,0.00431513786315918,0.004488945007324219,0.004305839538574219,0.003936052322387695,0.004602909088134766,0.0036499500274658203
0.003340005874633789,0.0046498775482177734,0.0043239593505859375,0.0038301944732666016,0.0039000511169433594,0.006628990173339844,0.004896879196166992
0.0037899017333984375,0.00445103645324707,0.004467964172363281,0.003715991973876953,0.003915071487426758,0.004642009735107422,0.0035829544067382812
0.0035300254821777344,0.004789829254150391,0.004691123962402344,0.004371166229248047,0.004125833511352539,0.004309177398681641,0.003735780715942383
0.0033180713653564453,0.00454401969909668,0.00423884391784668,0.004354000091552734,0.004019975662231445,0.004552125930786133,0.003520965576171875
0.0036160945892333984,0.004937410354614258,0.004575252532958984,0.004038095474243164,0.004086971282958984,0.004690885543823242,0.003468036651611328
0.0034050941467285156,0.004481077194213867,0.004505157470703125,0.0041239261627197266,0.0040819644927978516,0.004753828048706055,0.0034821033477783203
0.0032241344451904297,0.004263162612915039,0.004320859909057617,0.004200935363769531,0.00409388542175293,0.004666805267333984,0.0036301612854003906
0.0037920475006103516,0.005224943161010742,0.004813194274902344,0.00409388542175293,0.004148960113525391,0.005166769027709961,0.00392603874206543
0.0035419464111328125,0.004271030426025391,0.004481077194213867,0.004804849624633789,0.0047969818115234375,0.004665851593017578,0.0037190914154052734
0.005487203598022461,0.005762815475463867,0.005357027053833008,0.004389762878417969,0.004135847091674805,0.004457950592041016,0.0037729740142822266
0.00356292724609375,0.004343986511230469,0.00474095344543457,0.0043599605560302734,0.0038399696350097656,0.004410266876220703,0.003657102584838867
0.003536224365234375,0.0046100616455078125,0.004762887954711914,0.004121065139770508,0.0042018890380859375,0.004587888717651367,0.0034601688385009766
0.0035028457641601562,0.004275798797607422,0.0042459964752197266,0.004302024841308594,0.0043866634368896484,0.004625797271728516,0.0035538673400878906
0.003704071044921875,0.00459599494934082,0.0047261714935302734,0.0040471553802490234,0.0042629241943359375,0.00469517707824707,0.003599882125854492
0.003470182418823242,0.004583835601806641,0.004374980926513672,0.0038101673126220703,0.004065990447998047,0.004660367965698242,0.0036330223083496094
0.00360870361328125,0.004364013671875,0.004739284515380859,0.004113912582397461,0.0039060115814208984,0.004371166229248047,0.0036509037017822266
0.003445148468017578,0.004331111907958984,0.004155158996582031,0.0036792755126953125,0.003983259201049805,0.004425048828125,0.0034978389739990234
0.0034399032592773438,0.0045928955078125,0.0041201114654541016,0.003754138946533203,0.0042018890380859375,0.004631996154785156,0.003466367721557617
0.003963947296142578,0.004375934600830078,0.00431370735168457,0.003921031951904297,0.003949880599975586,0.004465341567993164,0.003556966781616211
0.0031931400299072266,0.00434422492980957,0.004926919937133789,0.004031181335449219,0.003873109817504883,0.00429987907409668,0.0035910606384277344
0.0034339427947998047,0.003908872604370117,0.004222869873046875,0.004021167755126953,0.003999948501586914,0.004613161087036133,0.003576040267944336
0.003607034683227539,0.0044727325439453125,0.004492998123168945,0.004046201705932617,0.004275083541870117,0.0046291351318359375,0.0035860538482666016
0.0032701492309570312,0.004726886749267578,0.0042002201080322266,0.0038857460021972656,0.003930330276489258,0.004563808441162109,0.003596067428588867
0.0034911632537841797,0.00439000129699707,0.006963968276977539,0.00514984130859375,0.004570960998535156,0.004637956619262695,0.0035300254821777344
0.0031659603118896484,0.004184722900390625,0.004628419876098633,0.004115104675292969,0.0039157867431640625,0.004667997360229492,0.006148815155029297
0.0044591426849365234,0.0048029422760009766,0.0046770572662353516,0.0046539306640625,0.003889322280883789,0.004400968551635742,0.003773927688598633
0.0032613277435302734,0.0043337345123291016,0.0044667720794677734,0.004452943801879883,0.004041910171508789,0.0044078826904296875,0.0035772323608398438
0.0033309459686279297,0.004193782806396484,0.004069089889526367,0.00395512580871582,0.004135847091674805,0.004400730133056641,0.0034668445587158203
0.0032677650451660156,0.004789829254150391,0.004321098327636719,0.003773927688598633,0.004059314727783203,0.004895210266113281,0.008391141891479492
0.004268169403076172,0.00456690788269043,0.004129886627197266,0.0041158199310302734,0.004164218902587891,0.004887104034423828,0.0035858154296875
0.0036652088165283203,0.0053288936614990234,0.004116058349609375,0.003731966018676758,0.00391697883605957,0.004719972610473633,0.0035741329193115234
0.003434896469116211,0.004689931869506836,0.0043981075286865234,0.004303932189941406,0.0040302276611328125,0.004580020904541016,0.0036771297454833984
0.003185749053955078,0.00405573844909668,0.004265785217285156,0.0063211917877197266,0.004816293716430664,0.004911899566650391,0.0036890506744384766
0.0032830238342285156,0.004173994064331055,0.0044209957122802734,0.004252910614013672,0.004095792770385742,0.004292964935302734,0.0034637451171875
0.003801107406616211,0.004173994064331055,0.0044841766357421875,0.004023075103759766,0.004506826400756836,0.004445075988769531,0.0034470558166503906
0.0036950111389160156,0.004721164703369141,0.00423884391784668,0.0038928985595703125,0.0040552616119384766,0.004757881164550781,0.003499746322631836
0.003464937210083008,0.004434823989868164,0.0044558048248291016,0.0040738582611083984,0.0038962364196777344,0.004558086395263672,0.003657102584838867
0.0034003257751464844,0.004637002944946289,0.004376888275146484,0.0038721561431884766,0.0038170814514160156,0.004472970962524414,0.003513813018798828
0.0036449432373046875,0.0048329830169677734,0.0046939849853515625,0.0040950775146484375,0.004275083541870117,0.004316091537475586,0.0034580230712890625
0.003256082534790039,0.0043642520904541016,0.0040130615234375,0.003796100616455078,0.004019021987915039,0.004698038101196289,0.003469228744506836
0.003197193145751953,0.0047512054443359375,0.004930973052978516,0.0038487911224365234,0.006206035614013672,0.00590205192565918,0.004034757614135742
0.0036211013793945312,0.004458904266357422,0.004638195037841797,0.004502773284912109,0.003834962844848633,0.004621028900146484,0.0035712718963623047
0.003535032272338867,0.004549264907836914,0.004590749740600586,0.003667116165161133,0.003870248794555664,0.004408836364746094,0.0037293434143066406
0.0034520626068115234,0.004459857940673828,0.00418400764465332,0.004316091537475586,0.003983020782470703,0.004331827163696289,0.003465890884399414
0.0037162303924560547,0.004450798034667969,0.004400968551635742,0.004047870635986328,0.004163026809692383,0.004542112350463867,0.0034859180450439453
0.0035991668701171875,0.007340669631958008,0.005197048187255859,0.0040378570556640625,0.004191875457763672,0.0044977664947509766,0.0034668445587158203
0.0034019947052001953,0.006939888000488281,0.00569915771484375,0.004102945327758789,0.004187822341918945,0.0044498443603515625,0.0034639835357666016
0.0033631324768066406,0.00463414192199707,0.004253387451171875,0.0039789676666259766,0.004032135009765625,0.00462794303894043,0.003503084182739258
0.003406047821044922,0.004683017730712891,0.004975080490112305,0.003840923309326172,0.0040149688720703125,0.004422903060913086,0.003712892532348633
0.0033469200134277344,0.004683732986450195,0.004249095916748047,0.004644155502319336,0.00405120849609375,0.004341840744018555,0.003573894500732422
0.0034399032592773438,0.003954172134399414,0.00409388542175293,0.004714012145996094,0.006386995315551758,0.005209922790527344,0.003662109375
0.0033979415893554688,0.004293680191040039,0.00428009033203125,0.004111051559448242,0.0044291019439697266,0.004476308822631836,0.0034520626068115234
0.003554105758666992,0.0043447017669677734,0.004396915435791016,0.003973722457885742,0.0042438507080078125,0.00463414192199707,0.0034618377685546875
0.0033028125762939453,0.0055959224700927734,0.0068547725677490234,0.004445791244506836,0.00413203239440918,0.004625082015991211,0.0034728050231933594
0.003317117691040039,0.004666328430175781,0.004475831985473633,0.003982067108154297,0.003858804702758789,0.004546165466308594,0.003679990768432617
0.003504037857055664,0.004491090774536133,0.004506111145019531,0.004322052001953125,0.0037338733673095703,0.0044209957122802734,0.0036950111389160156
0.00374603271484375,0.004186153411865234,0.0044629573822021484,0.004155158996582031,0.004136085510253906,0.004308938980102539,0.0034618377685546875
0.003300905227661133,0.004508018493652344,0.004439115524291992,0.0037152767181396484,0.003990888595581055,0.004542827606201172,0.0034627914428710938
0.003283977508544922,0.0046002864837646484,0.004712820053100586,0.004155874252319336,0.0037391185760498047,0.004523038864135742,0.0036132335662841797
0.003459930419921875,0.004224061965942383,0.006223201751708984,0.005365133285522461,0.004476785659790039,0.004700899124145508,0.0036940574645996094
0.0033910274505615234,0.0041751861572265625,0.004288673400878906,0.004218101501464844,0.0038700103759765625,0.004423856735229492,0.0037162303924560547
0.0034410953521728516,0.0044553279876708984,0.004179954528808594,0.006373882293701172,0.005426883697509766,0.005120992660522461,0.004109621047973633
0.003593921661376953,0.0044138431549072266,0.004333019256591797,0.0041141510009765625,0.004047870635986328,0.004448890686035156,0.0034618377685546875
0.0037589073181152344,0.0048770904541015625,0.004402875900268555,0.003969907760620117,0.004247188568115234,0.004454851150512695,0.003454923629760742
0.004113197326660156,0.006816864013671875,0.004987001419067383,0.004091739654541016,0.004196882247924805,0.0045392513275146484,0.003857851028442383
0.003506898880004883,0.004492044448852539,0.004391908645629883,0.0071179866790771484,0.005036115646362305,0.004892110824584961,0.003464937210083008
0.003732919692993164,0.00432896614074707,0.004263877868652344,0.0037093162536621094,0.0045092105865478516,0.0072100162506103516,0.004093170166015625
0.0034008026123046875,0.004622697830200195,0.0043828487396240234,0.003875255584716797,0.003774881362915039,0.004601716995239258,0.0035390853881835938
0.003244161605834961,0.004384040832519531,0.004694938659667969,0.004126071929931641,0.003799915313720703,0.004537105560302734,0.003702878952026367
0.0036170482635498047,0.0042989253997802734,0.004488945007324219,0.004144191741943359,0.004135847091674805,0.004467010498046875,0.0037140846252441406
0.005296945571899414,0.0051882266998291016,0.004462242126464844,0.004256010055541992,0.003712177276611328,0.004475831985473633,0.003500223159790039
0.003593921661376953,0.0044291019439697266,0.004285097122192383,0.0044269561767578125,0.004104137420654297,0.0046710968017578125,0.00345611572265625
0.0034329891204833984,0.0044748783111572266,0.004357099533081055,0.0040929317474365234,0.004299163818359375,0.004645824432373047,0.0034439563751220703
0.0035767555236816406,0.005563259124755859,0.006134986877441406,0.004494190216064453,0.004148006439208984,0.004586935043334961,0.003465890884399414
0.0034706592559814453,0.004583835601806641,0.0043718814849853516,0.0037660598754882812,0.0037980079650878906,0.004431009292602539,0.003667116165161133
0.0035517215728759766,0.004303932189941406,0.004665851593017578,0.004136085510253906,0.003937959671020508,0.0042760372161865234,0.003548145294189453
0.0032830238342285156,0.004247188568115234,0.0039479732513427734,0.004272937774658203,0.004158973693847656,0.004397869110107422,0.003454923629760742
0.003679037094116211,0.004499197006225586,0.004266023635864258,0.0036509037017822266,0.004012107849121094,0.004565000534057617,0.003464937210083008
0.003331899642944336,0.004378080368041992,0.004685878753662109,0.004187107086181641,0.003923177719116211,0.005517721176147461,0.005511045455932617
0.0038759708404541016,0.004534006118774414,0.004647254943847656,0.0038950443267822266,0.0039310455322265625,0.004419088363647461,0.0036139488220214844
0.0036029815673828125,0.004215717315673828,0.0070760250091552734,0.0052337646484375,0.0046498775482177734,0.004570960998535156,0.003622293472290039
0.0035071372985839844,0.004344940185546875,0.0061931610107421875,0.006429195404052734,0.004548072814941406,0.004681825637817383,0.0036139488220214844
0.0033309459686279297,0.0044307708740234375,0.0044820308685302734,0.0039980411529541016,0.003920078277587891,0.004389047622680664,0.0037450790405273438
0.003638744354248047,0.0042531490325927734,0.004584789276123047,0.004109621047973633,0.0038449764251708984,0.0043828487396240234,0.003458738327026367
0.0036177635192871094,0.004729032516479492,0.004381895065307617,0.0039539337158203125,0.003893136978149414,0.004685163497924805,0.003690004348754883
0.0032210350036621094,0.004669189453125,0.004526853561401367,0.004167079925537109,0.0038521289825439453,0.004608869552612305,0.0034759044647216797
0.003339052200317383,0.00442814826965332,0.004732847213745117,0.004117012023925781,0.003926992416381836,0.0044291019439697266,0.003690958023071289
0.003518819808959961,0.00461578369140625,0.004561901092529297,0.004527091979980469,0.0037686824798583984,0.004354953765869141,0.0035212039947509766
0.003735065460205078,0.004256010055541992,0.003919839859008789,0.004324197769165039,0.004315853118896484,0.004480123519897461,0.0034630298614501953
0.005002021789550781,0.006417989730834961,0.0050318241119384766,0.004190921783447266,0.004029989242553711,0.004470109939575195,0.0034780502319335938
0.0037081241607666016,0.0043451786041259766,0.0042400360107421875,0.003929853439331055,0.004437923431396484,0.0045528411865234375,0.0034990310668945312
0.0033380985260009766,0.0045588016510009766,0.004338979721069336,0.003902912139892578,0.0042302608489990234,0.004675865173339844,0.0036640167236328125
0.0034728050231933594,0.004223823547363281,0.004611968994140625,0.0041849613189697266,0.003859996795654297,0.0044841766357421875,0.0037250518798828125
0.0036323070526123047,0.0067291259765625,0.005574941635131836,0.004477739334106445,0.003968954086303711,0.00442814826965332,0.004845857620239258
0.004579782485961914,0.0051288604736328125,0.004772186279296875,0.003991842269897461,0.0038442611694335938,0.0047760009765625,0.005950927734375
0.0038170814514160156,0.004408121109008789,0.0045549869537353516,0.0038750171661376953,0.003709077835083008,0.004342794418334961,0.0036211013793945312
0.0036139488220214844,0.004225969314575195,0.004495143890380859,0.004539012908935547,0.0041332244873046875,0.004509925842285156,0.003462076187133789
0.003428936004638672,0.004564046859741211,0.0041599273681640625,0.004016876220703125,0.003984212875366211,0.004515886306762695,0.003464937210083008
0.0031898021697998047,0.004868268966674805,0.004275083541870117,0.0038909912109375,0.00391697883605957,0.0046100616455078125,0.0036389827728271484
0.0032329559326171875,0.00492405891418457,0.004380941390991211,0.004178285598754883,0.0038950443267822266,0.004364013671875,0.003670930862426758
0.0035698413848876953,0.0042018890380859375,0.00417017936706543,0.005925178527832031,0.0052950382232666016,0.0050601959228515625,0.003612995147705078
0.003547191619873047,0.004509925842285156,0.004210948944091797,0.0043430328369140625,0.00409698486328125,0.004399776458740234,0.0034601688385009766
0.0058441162109375,0.005960941314697266,0.004928112030029297,0.004409074783325195,0.004006862640380859,0.0043370723724365234,0.003464221954345703
0.0037429332733154297,0.004483938217163086,0.004038810729980469,0.0043179988861083984,0.0066716670989990234,0.0055332183837890625,0.003858327865600586
0.003628969192504883,0.0044939517974853516,0.00410008430480957,0.003704071044921875,0.004111289978027344,0.004586935043334961,0.0035979747772216797
0.0033578872680664062,0.004507780075073242,0.004167318344116211,0.003947019577026367,0.004071235656738281,0.004580974578857422,0.003537893295288086
0.0033860206604003906,0.0044040679931640625,0.004615068435668945,0.004580020904541016,0.0039119720458984375,0.004534006118774414,0.0038459300994873047
0.003443002700805664,0.004591226577758789,0.00430607795715332,0.004287004470825195,0.003983259201049805,0.004400968551635742,0.003453969955444336
0.0052759647369384766,0.005792140960693359,0.005068778991699219,0.004328250885009766,0.0039539337158203125,0.004517793655395508,0.003592967987060547
0.0034360885620117188,0.004817962646484375,0.004599094390869141,0.00429987907409668,0.0042722225189208984,0.004328012466430664,0.0034711360931396484
0.0038809776306152344,0.00502777099609375,0.004454851150512695,0.003735065460205078,0.0039370059967041016,0.0044710636138916016,0.003459930419921875
0.003378152847290039,0.0077931880950927734,0.005558967590332031,0.004318952560424805,0.0043010711669921875,0.0045108795166015625,0.0034759044647216797
0.003108978271484375,0.004519939422607422,0.0045740604400634766,0.0041790008544921875,0.004648923873901367,0.007033824920654297,0.004072904586791992
0.003657817840576172,0.0046579837799072266,0.0044901371002197266,0.0037660598754882812,0.004134178161621094,0.004621744155883789,0.003461122512817383
0.0032720565795898438,0.00422215461730957,0.004709005355834961,0.004030942916870117,0.0038411617279052734,0.004500865936279297,0.003638029098510742
0.003367185592651367,0.004182100296020508,0.005413055419921875,0.005925893783569336,0.004633903503417969,0.004809856414794922,0.0037267208099365234
0.003451108932495117,0.0045130252838134766,0.004464149475097656,0.004575967788696289,0.0037267208099365234,0.004415988922119141,0.0035130977630615234
0.003577709197998047,0.004453182220458984,0.004068851470947266,0.003843069076538086,0.0041408538818359375,0.004424095153808594,0.0034942626953125
0.0036458969116210938,0.004488229751586914,0.0043239593505859375,0.0037717819213867188,0.00392603874206543,0.0044002532958984375,0.0034499168395996094
0.003340005874633789,0.004728078842163086,0.004381895065307617,0.003858804702758789,0.003945827484130859,0.004534006118774414,0.003693103790283203
0.0035309791564941406,0.004363059997558594,0.0045909881591796875,0.003949165344238281,0.004076957702636719,0.004368782043457031,0.0035521984100341797
0.0037398338317871094,0.004467964172363281,0.003998994827270508,0.004158973693847656,0.004110097885131836,0.004368782043457031,0.0034470558166503906
0.003445863723754883,0.004443168640136719,0.004414081573486328,0.003877878189086914,0.0038759708404541016,0.0046007633209228516,0.0034570693969726562
0.003473043441772461,0.004436969757080078,0.0041332244873046875,0.003980159759521484,0.004249095916748047,0.004566192626953125,0.003663778305053711
0.0035097599029541016,0.004477977752685547,0.0046651363372802734,0.0038471221923828125,0.0039479732513427734,0.004322052001953125,0.003688812255859375
0.0034058094024658203,0.004042148590087891,0.00454401969909668,0.0047910213470458984,0.004248857498168945,0.004297018051147461,0.0034699440002441406
0.003728151321411133,0.004587650299072266,0.004256010055541992,0.0037610530853271484,0.0043621063232421875,0.0046520233154296875,0.003453969955444336
0.0033731460571289062,0.004489898681640625,0.004128694534301758,0.003844022750854492,0.004015207290649414,0.004662752151489258,0.0035941600799560547
0.003493070602416992,0.004391908645629883,0.004706859588623047,0.004030942916870117,0.004004240036010742,0.00436091423034668,0.0036230087280273438
0.003602266311645508,0.0041658878326416016,0.004347801208496094,0.004543781280517578,0.0040929317474365234,0.004580020904541016,0.0034596920013427734
0.003747224807739258,0.004724979400634766,0.004225254058837891,0.003929853439331055,0.004349946975708008,0.004619121551513672,0.003448009490966797
0.0032050609588623047,0.004765033721923828,0.00445103645324707,0.0037648677825927734,0.0038492679595947266,0.004626750946044922,0.003690004348754883
0.003607034683227539,0.00494694709777832,0.007047891616821289,0.005285024642944336,0.004124164581298828,0.004623889923095703,0.003454923629760742
0.0031211376190185547,0.004809856414794922,0.007082223892211914,0.005187034606933594,0.0053157806396484375,0.005426883697509766,0.003669261932373047
0.0035860538482666016,0.004762887954711914,0.004845142364501953,0.004538774490356445,0.0047991275787353516,0.0052220821380615234,0.0037550926208496094
0.003736734390258789,0.004925966262817383,0.004607200622558594,0.0040590763092041016,0.003999948501586914,0.004770994186401367,0.0040130615234375
0.0038580894470214844,0.006133079528808594,0.00463414192199707,0.004331827163696289,0.004068136215209961,0.004765748977661133,0.0037539005279541016
0.003534078598022461,0.004972219467163086,0.005859851837158203,0.004832029342651367,0.004483938217163086,0.004754304885864258,0.0036132335662841797
0.0038869380950927734,0.004536151885986328,0.006472110748291016,0.004745006561279297,0.004534721374511719,0.004805326461791992,0.0034918785095214844
0.003538846969604492,0.004463672637939453,0.004498958587646484,0.004007101058959961,0.004086017608642578,0.004639863967895508,0.003686189651489258
0.0036220550537109375,0.004325151443481445,0.0040607452392578125,0.004216909408569336,0.0038526058197021484,0.004436016082763672,0.003556966781616211
0.0037271976470947266,0.005994081497192383,0.004767894744873047,0.00428009033203125,0.003737211227416992,0.004431962966918945,0.0034630298614501953
0.00585484504699707,0.0054929256439208984,0.004707813262939453,0.0041599273681640625,0.0041120052337646484,0.004438161849975586,0.003462076187133789
0.0036339759826660156,0.00479888916015625,0.004143953323364258,0.004391908645629883,0.006720066070556641,0.00541377067565918,0.003751993179321289
0.003773927688598633,0.004425048828125,0.004389047622680664,0.004629850387573242,0.004288911819458008,0.004402875900268555,0.003520965576171875
0.0033769607543945312,0.00444793701171875,0.00458526611328125,0.004085063934326172,0.004266023635864258,0.004569053649902344,0.0034639835357666016
0.0036170482635498047,0.004665851593017578,0.004627227783203125,0.003976345062255859,0.005375862121582031,0.006639003753662109,0.004122734069824219
0.003815174102783203,0.004717826843261719,0.0042612552642822266,0.005252838134765625,0.0059888362884521484,0.005421876907348633,0.003866910934448242
0.0032968521118164062,0.004993915557861328,0.004354000091552734,0.004251241683959961,0.004003047943115234,0.007500171661376953,0.004209995269775391
0.003787994384765625,0.004579067230224609,0.004434823989868164,0.004641056060791016,0.00436091423034668,0.0049130916595458984,0.0038728713989257812
0.003561258316040039,0.0048961639404296875,0.004431962966918945,0.0041615962982177734,0.004213094711303711,0.006967067718505859,0.004350900650024414
0.00370025634765625,0.005091190338134766,0.004780769348144531,0.0040760040283203125,0.004438161849975586,0.005174875259399414,0.0037009716033935547
0.003408193588256836,0.00577998161315918,0.005099058151245117,0.0038480758666992188,0.0039370059967041016,0.0068819522857666016,0.004583120346069336
0.0040187835693359375,0.0047969818115234375,0.004258155822753906,0.0041768550872802734,0.004166126251220703,0.004746198654174805,0.003576993942260742
0.0036661624908447266,0.0047228336334228516,0.004757881164550781,0.004425048828125,0.004080057144165039,0.005814075469970703,0.005372762680053711
0.004127979278564453,0.00498199462890625,0.004540205001831055,0.003901958465576172,0.0040819644927978516,0.00450587272644043,0.0036449432373046875
0.003572225570678711,0.004357814788818359,0.004467010498046875,0.004301786422729492,0.006263017654418945,0.004960060119628906,0.0036029815673828125
0.0037729740142822266,0.004818916320800781,0.0044138431549072266,0.004160881042480469,0.0043790340423583984,0.0046541690826416016,0.005167961120605469
0.00413203239440918,0.004895925521850586,0.004737138748168945,0.004018068313598633,0.0039370059967041016,0.005978107452392578,0.005434274673461914
0.0040051937103271484,0.0055959224700927734,0.005013942718505859,0.0039958953857421875,0.004216194152832031,0.0049610137939453125,0.004896879196166992
0.003688812255859375,0.004583835601806641,0.0045430660247802734,0.0039730072021484375,0.004033088684082031,0.00444793701171875,0.0036971569061279297
0.003255128860473633,0.0046308040618896484,0.004349946975708008,0.004098176956176758,0.003986835479736328,0.00432896614074707,0.003545999526977539
0.003404855728149414,0.004345893859863281,0.004523038864135742,0.003968954086303711,0.004129648208618164,0.0043582916259765625,0.0034639835357666016
0.0037050247192382812,0.0048902034759521484,0.004345893859863281,0.003977060317993164,0.004348039627075195,0.0045969486236572266,0.004747152328491211
0.003961801528930664,0.0053691864013671875,0.004822969436645508,0.004409074783325195,0.004271030426025391,0.00471806526184082,0.003717184066772461
0.0044667720794677734,0.005535125732421875,0.0043828487396240234,0.0043888092041015625,0.004290103912353516,0.004696846008300781,0.003664255142211914
0.003692150115966797,0.005394935607910156,0.005955696105957031,0.004285097122192383,0.004757881164550781,0.0046961307525634766,0.0036077499389648438
0.003656148910522461,0.0053522586822509766,0.004449605941772461,0.0043239593505859375,0.003882884979248047,0.0071849822998046875,0.004509925842285156
0.004137992858886719,0.00479578971862793,0.004381895065307617,0.00410008430480957,0.004006147384643555,0.0047681331634521484,0.0036051273345947266
0.0033941268920898438,0.0048868656158447266,0.004564046859741211,0.0039250850677490234,0.0045049190521240234,0.004705905914306641,0.003614187240600586
0.0036699771881103516,0.004578113555908203,0.004516124725341797,0.004246950149536133,0.004088163375854492,0.0044748783111572266,0.0036742687225341797
0.0037441253662109375,0.004678964614868164,0.0048198699951171875,0.0043487548828125,0.00386810302734375,0.005695343017578125,0.0037610530853271484
0.003414630889892578,0.004548311233520508,0.004323720932006836,0.004943132400512695,0.005095958709716797,0.004639148712158203,0.003715991973876953
0.0035982131958007812,0.00482487678527832,0.004214048385620117,0.004258871078491211,0.0054399967193603516,0.005681037902832031,0.004018306732177734
0.0036468505859375,0.0048482418060302734,0.0046308040618896484,0.00431513786315918,0.004239082336425781,0.0064868927001953125,0.005239009857177734
0.004122018814086914,0.005568027496337891,0.004504203796386719,0.0048351287841796875,0.004225015640258789,0.004867076873779297,0.004050254821777344
0.003940105438232422,0.004667043685913086,0.00456690788269043,0.004258155822753906,0.004379987716674805,0.0044939517974853516,0.003715991973876953
0.003757953643798828,0.006458282470703125,0.005439043045043945,0.005981922149658203,0.004309177398681641,0.004605293273925781,0.003981828689575195
0.005373954772949219,0.00521087646484375,0.005393266677856445,0.004058122634887695,0.003965854644775391,0.007895946502685547,0.004324913024902344
0.003973960876464844,0.004632711410522461,0.004396915435791016,0.004395008087158203,0.004272937774658203,0.004887104034423828,0.006083965301513672
0.004149198532104492,0.005669116973876953,0.004284858703613281,0.004383087158203125,0.005089759826660156,0.004595041275024414,0.0036101341247558594
0.005652904510498047,0.0059049129486083984,0.0050449371337890625,0.004409074783325195,0.003960132598876953,0.00463104248046875,0.0035309791564941406
0.0037147998809814453,0.0053081512451171875,0.00496983528137207,0.0040130615234375,0.005537986755371094,0.006152153015136719,0.004158973693847656
0.003859996795654297,0.0047149658203125,0.005346775054931641,0.004951953887939453,0.0039441585540771484,0.0047380924224853516,0.0036308765411376953
0.0034742355346679688,0.004706144332885742,0.006410837173461914,0.005460023880004883,0.0045850276947021484,0.004925966262817383,0.0034749507904052734
0.0034608840942382812,0.004791975021362305,0.004547834396362305,0.003885030746459961,0.004122257232666016,0.004639863967895508,0.003551959991455078
0.0033648014068603516,0.004593849182128906,0.0043141841888427734,0.004019021987915039,0.004235029220581055,0.0043430328369140625,0.00360107421875
0.0033960342407226562,0.004866838455200195,0.004645109176635742,0.004448652267456055,0.0042569637298583984,0.005589008331298828,0.0036361217498779297
0.005678892135620117,0.00511479377746582,0.005052089691162109,0.004190206527709961,0.004097700119018555,0.0044481754302978516,0.003815174102783203
0.003902435302734375,0.00485992431640625,0.004842042922973633,0.0046269893646240234,0.004305839538574219,0.00461888313293457,0.0036318302154541016
0.0036809444427490234,0.0063130855560302734,0.005035877227783203,0.0045928955078125,0.004217863082885742,0.004847049713134766,0.0040738582611083984
0.003686189651489258,0.004182100296020508,0.004616975784301758,0.004342079162597656,0.0040187835693359375,0.004690885543823242,0.0036773681640625
0.0036308765411376953,0.004446983337402344,0.004492998123168945,0.003824949264526367,0.004148960113525391,0.0048067569732666016,0.003473043441772461
0.0035457611083984375,0.006326913833618164,0.0054149627685546875,0.004579782485961914,0.0046672821044921875,0.004450082778930664,0.003492116928100586
0.0034019947052001953,0.004711151123046875,0.0042438507080078125,0.0038878917694091797,0.004024028778076172,0.0064389705657958984,0.004925966262817383
0.0039520263671875,0.004659175872802734,0.004431247711181641,0.00410008430480957,0.003957033157348633,0.004851102828979492,0.003551006317138672
0.00323486328125,0.0048601627349853516,0.004811763763427734,0.00406193733215332,0.003907918930053711,0.004517793655395508,0.0036780834197998047
0.0034987926483154297,0.004503965377807617,0.0046918392181396484,0.004113912582397461,0.004294872283935547,0.004487276077270508,0.0037178993225097656
